This spectrum was collected on:	2015-02-17	10:34:45
Integration Time:	5	ms
------------------------
Environmental Parameters
------------------------
Temp:	11.47	degrees C
Humidity:	7.55	%
Pressure:	7.81	pa
--------------
Fit Parameters
--------------
Center:	6.642e-07	m
FWHM:	8.85e-08	m

Wavelength (m)	Corrected Signal	Applied Blank
3.75e-07	5.10680132739	0.0
3.7525e-07	5.01163418674	0.0
3.755e-07	4.26237701807	0.0
3.7575e-07	4.93768784143	0.0
3.76e-07	5.1030818234	0.0
3.7625e-07	4.42248821379	0.0
3.765e-07	5.01717391633	0.0
3.7675e-07	4.77309928585	0.0
3.77e-07	4.20301924998	0.0
3.7725e-07	4.36451490243	0.0
3.775e-07	4.84334023391	0.0
3.7775e-07	4.400925197	0.0
3.78e-07	4.60877838245	0.0
3.7825e-07	4.22574624022	0.0
3.785e-07	4.53348708904	0.0
3.7875e-07	4.37131889797	0.0
3.79e-07	4.76740605854	0.0
3.7925e-07	4.87141238441	0.0
3.795e-07	4.81446234055	0.0
3.7975e-07	5.19028072771	0.0
3.8e-07	4.50734019014	0.0
3.8025e-07	4.55743220504	0.0
3.805e-07	4.83906050924	0.0
3.8075e-07	4.5329112221	0.0
3.81e-07	4.30846342764	0.0
3.8125e-07	4.76931459902	0.0
3.815e-07	5.01446984723	0.0
3.8175e-07	4.47919213337	0.0
3.82e-07	4.29751531208	0.0
3.8225e-07	4.5167667568	0.0
3.825e-07	5.01618307942	0.0
3.8275e-07	4.5160524616	0.0
3.83e-07	4.34178039748	0.0
3.8325e-07	5.12916763507	0.0
3.835e-07	4.52224506419	0.0
3.8375e-07	4.83218170902	0.0
3.84e-07	4.36650787806	0.0
3.8425e-07	5.18983263397	0.0
3.845e-07	4.33145429037	0.0
3.8475e-07	4.43810646778	0.0
3.85e-07	5.1828252726	0.0
3.8525e-07	4.63686911271	0.0
3.855e-07	4.46617204687	0.0
3.8575e-07	4.98557788807	0.0
3.86e-07	4.95090066833	0.0
3.8625e-07	4.84813142462	0.0
3.865e-07	4.41326308207	0.0
3.8675e-07	4.7170271875	0.0
3.87e-07	5.29180831084	0.0
3.8725e-07	4.38726612612	0.0
3.875e-07	4.72533905615	0.0
3.8775e-07	5.09559786034	0.0
3.88e-07	5.05973712303	0.0
3.8825e-07	4.49748337772	0.0
3.885e-07	5.18973840319	0.0
3.8875e-07	5.03741161629	0.0
3.89e-07	4.47315423777	0.0
3.8925e-07	5.18847729546	0.0
3.895e-07	4.65301389151	0.0
3.8975e-07	4.80483600368	0.0
3.9e-07	4.84625413137	0.0
3.9025e-07	4.39071484367	0.0
3.905e-07	4.39985094301	0.0
3.9075e-07	5.11143641589	0.0
3.91e-07	4.95018257121	0.0
3.9125e-07	4.52678392586	0.0
3.915e-07	5.2798098452	0.0
3.9175e-07	4.95601597738	0.0
3.92e-07	5.06678522195	0.0
3.9225e-07	4.75910020419	0.0
3.925e-07	4.45932294725	0.0
3.9275e-07	4.73466343166	0.0
3.93e-07	5.2130753088	0.0
3.9325e-07	5.03962098327	0.0
3.935e-07	4.4629193075	0.0
3.9375e-07	4.59601735705	0.0
3.94e-07	5.25502384472	0.0
3.9425e-07	4.69279844811	0.0
3.945e-07	5.02114005822	0.0
3.9475e-07	4.60310994029	0.0
3.95e-07	5.15641244939	0.0
3.9525e-07	4.89726281461	0.0
3.955e-07	4.54767864647	0.0
3.9575e-07	4.90908413021	0.0
3.96e-07	4.95294939458	0.0
3.9625e-07	4.73914798761	0.0
3.965e-07	4.79337215093	0.0
3.9675e-07	4.63293665741	0.0
3.97e-07	5.15562647791	0.0
3.9725e-07	4.95752017059	0.0
3.975e-07	5.27360237918	0.0
3.9775e-07	4.60289092617	0.0
3.98e-07	5.33793712692	0.0
3.9825e-07	5.26239554078	0.0
3.985e-07	5.076380557	0.0
3.9875e-07	5.04488038623	0.0
3.99e-07	4.78904141476	0.0
3.9925e-07	5.01076370133	0.0
3.995e-07	5.35691483075	0.0
3.9975e-07	5.17890180234	0.0
4e-07	4.90398030524	0.0
4.0025e-07	4.62780449957	0.0
4.005e-07	5.24706010549	0.0
4.0075e-07	5.4636085043	0.0
4.01e-07	5.38656054929	0.0
4.0125e-07	5.49656663337	0.0
4.015e-07	5.40085440216	0.0
4.0175e-07	5.21354597449	0.0
4.02e-07	4.70339594137	0.0
4.0225e-07	5.48516149978	0.0
4.025e-07	4.76224563563	0.0
4.0275e-07	5.56729135319	0.0
4.03e-07	4.9791830786	0.0
4.0325e-07	5.09667347663	0.0
4.035e-07	4.64834266211	0.0
4.0375e-07	5.00127158504	0.0
4.04e-07	5.02714523046	0.0
4.0425e-07	5.54912216533	0.0
4.045e-07	4.72441749269	0.0
4.0475e-07	5.28936280143	0.0
4.05e-07	4.85147836939	0.0
4.0525e-07	5.56147416909	0.0
4.055e-07	5.23067366795	0.0
4.0575e-07	5.07596019105	0.0
4.06e-07	5.35576679638	0.0
4.0625e-07	5.50196431149	0.0
4.065e-07	5.34088838876	0.0
4.0675e-07	5.21985566221	0.0
4.07e-07	4.8451540974	0.0
4.0725e-07	5.19272648114	0.0
4.075e-07	5.68457802325	0.0
4.0775e-07	5.23118951036	0.0
4.08e-07	4.93526843263	0.0
4.0825e-07	5.33375817135	0.0
4.085e-07	5.31711189218	0.0
4.0875e-07	5.21319308515	0.0
4.09e-07	5.11115676809	0.0
4.0925e-07	4.98469684079	0.0
4.095e-07	5.37239159103	0.0
4.0975e-07	5.19720821104	0.0
4.1e-07	5.3451695158	0.0
4.1025e-07	5.41071886528	0.0
4.105e-07	5.30926808767	0.0
4.1075e-07	5.66264601553	0.0
4.11e-07	5.61924060785	0.0
4.1125e-07	5.54628961895	0.0
4.115e-07	5.22761187643	0.0
4.1175e-07	5.6423298081	0.0
4.12e-07	5.44570749349	0.0
4.1225e-07	5.11122048979	0.0
4.125e-07	5.04232287979	0.0
4.1275e-07	5.52752183863	0.0
4.13e-07	5.81600159725	0.0
4.1325e-07	5.42879205172	0.0
4.135e-07	5.11684630411	0.0
4.1375e-07	5.12851219116	0.0
4.14e-07	5.58935517397	0.0
4.1425e-07	5.5721845852	0.0
4.145e-07	5.22081431489	0.0
4.1475e-07	5.00841291633	0.0
4.15e-07	5.1088602142	0.0
4.1525e-07	5.67634172926	0.0
4.155e-07	5.20049425642	0.0
4.1575e-07	5.17269004288	0.0
4.16e-07	5.74589686663	0.0
4.1625e-07	5.67201216127	0.0
4.165e-07	5.54918601228	0.0
4.1675e-07	5.26800159857	0.0
4.17e-07	5.16868010209	0.0
4.1725e-07	5.409897853	0.0
4.175e-07	6.0709321824	0.0
4.1775e-07	6.04509652317	0.0
4.18e-07	5.55002889509	0.0
4.1825e-07	6.06717986504	0.0
4.185e-07	5.52058291028	0.0
4.1875e-07	5.23911544127	0.0
4.19e-07	5.7784187204	0.0
4.1925e-07	5.17128470205	0.0
4.195e-07	5.76632728422	0.0
4.1975e-07	5.92735887971	0.0
4.2e-07	5.53065592541	0.0
4.2025e-07	5.95779768521	0.0
4.205e-07	5.39076028293	0.0
4.2075e-07	5.95885337855	0.0
4.21e-07	5.74844558377	0.0
4.2125e-07	6.04612917268	0.0
4.215e-07	5.34661916209	0.0
4.2175e-07	5.28229866072	0.0
4.22e-07	5.89137860418	0.0
4.2225e-07	6.10124557182	0.0
4.225e-07	5.33990576534	0.0
4.2275e-07	5.77727406154	0.0
4.23e-07	5.87648418116	0.0
4.2325e-07	5.61020646743	0.0
4.235e-07	5.42795413146	0.0
4.2375e-07	5.64291928735	0.0
4.24e-07	5.55881356828	0.0
4.2425e-07	5.45749564952	0.0
4.245e-07	5.53738603559	0.0
4.2475e-07	5.55789419756	0.0
4.25e-07	6.15964156325	0.0
4.2525e-07	5.88107399889	0.0
4.255e-07	5.73717850048	0.0
4.2575e-07	6.43829596649	0.0
4.26e-07	5.58920751467	0.0
4.2625e-07	5.86549040844	0.0
4.265e-07	6.10367452737	0.0
4.2675e-07	5.89299520427	0.0
4.27e-07	5.77347518406	0.0
4.2725e-07	5.88436153637	0.0
4.275e-07	6.41346182672	0.0
4.2775e-07	5.82891422479	0.0
4.28e-07	6.03381685577	0.0
4.2825e-07	6.38178800128	0.0
4.285e-07	6.26624589047	0.0
4.2875e-07	5.88766238137	0.0
4.29e-07	5.65272155681	0.0
4.2925e-07	5.95791530868	0.0
4.295e-07	5.69853730285	0.0
4.2975e-07	5.81812074993	0.0
4.3e-07	6.26802354821	0.0
4.3025e-07	6.5618926972	0.0
4.305e-07	6.40273609755	0.0
4.3075e-07	6.56013963053	0.0
4.31e-07	5.7453450856	0.0
4.3125e-07	5.89803575441	0.0
4.315e-07	6.45719072864	0.0
4.3175e-07	5.84727489247	0.0
4.32e-07	6.15018968137	0.0
4.3225e-07	5.86824936181	0.0
4.325e-07	6.66033928188	0.0
4.3275e-07	6.51798845591	0.0
4.33e-07	6.3273821341	0.0
4.3325e-07	6.59263865669	0.0
4.335e-07	6.78509683898	0.0
4.3375e-07	6.10369257509	0.0
4.34e-07	6.63488866645	0.0
4.3425e-07	6.3461800121	0.0
4.345e-07	6.07251578318	0.0
4.3475e-07	6.08737796474	0.0
4.35e-07	6.24705488279	0.0
4.3525e-07	6.44923923999	0.0
4.355e-07	6.0862441241	0.0
4.3575e-07	6.38959557981	0.0
4.36e-07	6.15522142038	0.0
4.3625e-07	6.32253671664	0.0
4.365e-07	6.89766620866	0.0
4.3675e-07	6.26106446017	0.0
4.37e-07	6.50631013321	0.0
4.3725e-07	6.27461460668	0.0
4.375e-07	6.58057443967	0.0
4.3775e-07	6.58097609801	0.0
4.38e-07	6.63135587446	0.0
4.3825e-07	6.36469331002	0.0
4.385e-07	6.90761974468	0.0
4.3875e-07	6.9777434448	0.0
4.39e-07	7.13567521095	0.0
4.3925e-07	7.0373423739	0.0
4.395e-07	6.93971729829	0.0
4.3975e-07	6.5656406854	0.0
4.4e-07	6.49292806847	0.0
4.4025e-07	6.47284604182	0.0
4.405e-07	7.08300707741	0.0
4.4075e-07	7.23549610291	0.0
4.41e-07	7.09266931706	0.0
4.4125e-07	7.26788490829	0.0
4.415e-07	7.12020632016	0.0
4.4175e-07	6.53255077998	0.0
4.42e-07	6.68814406564	0.0
4.4225e-07	6.80298954139	0.0
4.425e-07	6.51071586077	0.0
4.4275e-07	7.08251065295	0.0
4.43e-07	6.99014240325	0.0
4.4325e-07	6.844528828	0.0
4.435e-07	7.23370241384	0.0
4.4375e-07	6.71876161534	0.0
4.44e-07	7.40495350497	0.0
4.4425e-07	7.25434437988	0.0
4.445e-07	7.51157943241	0.0
4.4475e-07	6.65038136106	0.0
4.45e-07	7.19823027064	0.0
4.4525e-07	6.81325726525	0.0
4.455e-07	6.85910587879	0.0
4.4575e-07	7.0282656815	0.0
4.46e-07	7.43127635335	0.0
4.4625e-07	7.18780028049	0.0
4.465e-07	7.48038037962	0.0
4.4675e-07	6.8726529873	0.0
4.47e-07	7.74834043148	0.0
4.4725e-07	7.73354358397	0.0
4.475e-07	7.54242530945	0.0
4.4775e-07	7.77444672137	0.0
4.48e-07	7.74697848099	0.0
4.4825e-07	7.16544088559	0.0
4.485e-07	7.02867455393	0.0
4.4875e-07	7.83070616691	0.0
4.49e-07	7.50604510716	0.0
4.4925e-07	7.55872523422	0.0
4.495e-07	7.77188321477	0.0
4.4975e-07	7.39086789967	0.0
4.5e-07	7.50393384715	0.0
4.5025e-07	7.92748956259	0.0
4.505e-07	7.34871246302	0.0
4.5075e-07	7.34653064411	0.0
4.51e-07	8.0773152167	0.0
4.5125e-07	7.48548061564	0.0
4.515e-07	7.30138805769	0.0
4.5175e-07	7.36413873351	0.0
4.52e-07	7.39367436916	0.0
4.5225e-07	7.27709022849	0.0
4.525e-07	7.38755750892	0.0
4.5275e-07	7.50760809393	0.0
4.53e-07	7.77313786763	0.0
4.5325e-07	7.94054636806	0.0
4.535e-07	7.92267328193	0.0
4.5375e-07	7.72315923422	0.0
4.54e-07	7.44779316448	0.0
4.5425e-07	7.65401106279	0.0
4.545e-07	7.96825671608	0.0
4.5475e-07	8.46184953073	0.0
4.55e-07	8.11481584996	0.0
4.5525e-07	8.128464379	0.0
4.555e-07	8.08457266401	0.0
4.5575e-07	8.57996477366	0.0
4.56e-07	8.58289576003	0.0
4.5625e-07	7.83250217391	0.0
4.565e-07	8.42972303021	0.0
4.5675e-07	7.98778766799	0.0
4.57e-07	7.89185732386	0.0
4.5725e-07	7.79011375427	0.0
4.575e-07	8.04714768366	0.0
4.5775e-07	7.93012505744	0.0
4.58e-07	8.47790320752	0.0
4.5825e-07	8.03054170405	0.0
4.585e-07	7.90449649195	0.0
4.5875e-07	8.37031114009	0.0
4.59e-07	8.41538105101	0.0
4.5925e-07	8.09881533459	0.0
4.595e-07	8.88409158501	0.0
4.5975e-07	8.4506828029	0.0
4.6e-07	8.75511596802	0.0
4.6025e-07	8.71803141495	0.0
4.605e-07	8.43538146468	0.0
4.6075e-07	8.24165998217	0.0
4.61e-07	8.89976140892	0.0
4.6125e-07	8.60610445255	0.0
4.615e-07	8.46437391894	0.0
4.6175e-07	8.2463333602	0.0
4.62e-07	8.38480996993	0.0
4.6225e-07	8.45934849119	0.0
4.625e-07	8.81113823369	0.0
4.6275e-07	8.44236852334	0.0
4.63e-07	8.93958906975	0.0
4.6325e-07	8.72445512568	0.0
4.635e-07	9.19242270329	0.0
4.6375e-07	9.13603094157	0.0
4.64e-07	9.27621047962	0.0
4.6425e-07	8.59491885061	0.0
4.645e-07	8.96721163125	0.0
4.6475e-07	8.76814496562	0.0
4.65e-07	8.92765605764	0.0
4.6525e-07	9.27819584473	0.0
4.655e-07	9.47810835285	0.0
4.6575e-07	9.11341090128	0.0
4.66e-07	8.97082140324	0.0
4.6625e-07	8.87730726624	0.0
4.665e-07	9.05445944674	0.0
4.6675e-07	9.65913337701	0.0
4.67e-07	9.06298617677	0.0
4.6725e-07	8.95357969739	0.0
4.675e-07	9.52120637368	0.0
4.6775e-07	9.27038465361	0.0
4.68e-07	9.33181746805	0.0
4.6825e-07	9.60745110857	0.0
4.685e-07	9.91001524443	0.0
4.6875e-07	9.35317090295	0.0
4.69e-07	9.4421800795	0.0
4.6925e-07	9.38085908303	0.0
4.695e-07	9.25021213253	0.0
4.6975e-07	9.27709810511	0.0
4.7e-07	9.31948771009	0.0
4.7025e-07	10.0014315305	0.0
4.705e-07	10.1230014626	0.0
4.7075e-07	10.3202606373	0.0
4.71e-07	9.74552796993	0.0
4.7125e-07	10.2596192463	0.0
4.715e-07	9.68899694712	0.0
4.7175e-07	9.48671192081	0.0
4.72e-07	10.1377654936	0.0
4.7225e-07	10.1302755103	0.0
4.725e-07	9.78059923935	0.0
4.7275e-07	10.4955906911	0.0
4.73e-07	10.4477695237	0.0
4.7325e-07	10.0757913429	0.0
4.735e-07	10.1341296087	0.0
4.7375e-07	9.88763856807	0.0
4.74e-07	9.87662536018	0.0
4.7425e-07	10.1497820748	0.0
4.745e-07	10.240977303	0.0
4.7475e-07	10.5210776563	0.0
4.75e-07	10.8800803031	0.0
4.7525e-07	10.3805239214	0.0
4.755e-07	10.1167433674	0.0
4.7575e-07	10.4409307608	0.0
4.76e-07	10.4881780789	0.0
4.7625e-07	10.5632437017	0.0
4.765e-07	10.2157233232	0.0
4.7675e-07	10.6208003673	0.0
4.77e-07	11.2098625671	0.0
4.7725e-07	10.7832022286	0.0
4.775e-07	11.2159210279	0.0
4.7775e-07	11.0080816519	0.0
4.78e-07	10.5632488508	0.0
4.7825e-07	10.8451596169	0.0
4.785e-07	11.2334368561	0.0
4.7875e-07	11.3716522686	0.0
4.79e-07	10.6480597481	0.0
4.7925e-07	11.3688538774	0.0
4.795e-07	10.9925357509	0.0
4.7975e-07	10.8305495527	0.0
4.8e-07	11.1308265026	0.0
4.8025e-07	11.4697286881	0.0
4.805e-07	11.1835531913	0.0
4.8075e-07	11.7843515003	0.0
4.81e-07	11.7123364101	0.0
4.8125e-07	10.9408968291	0.0
4.815e-07	11.4560452407	0.0
4.8175e-07	11.3034020103	0.0
4.82e-07	11.1765905071	0.0
4.8225e-07	11.6630984569	0.0
4.825e-07	11.6312356829	0.0
4.8275e-07	11.4095661901	0.0
4.83e-07	11.5034193694	0.0
4.8325e-07	11.3742167085	0.0
4.835e-07	11.3402068345	0.0
4.8375e-07	12.0668177043	0.0
4.84e-07	12.3658581677	0.0
4.8425e-07	11.8900444374	0.0
4.845e-07	12.361857349	0.0
4.8475e-07	11.8861820392	0.0
4.85e-07	12.3858042329	0.0
4.8525e-07	12.2649577499	0.0
4.855e-07	12.3023002545	0.0
4.8575e-07	11.9956741281	0.0
4.86e-07	12.4815332128	0.0
4.8625e-07	12.7594017728	0.0
4.865e-07	12.3337577564	0.0
4.8675e-07	12.7333866735	0.0
4.87e-07	12.4304750119	0.0
4.8725e-07	12.3726156944	0.0
4.875e-07	12.3043902427	0.0
4.8775e-07	12.1417544472	0.0
4.88e-07	12.1500498981	0.0
4.8825e-07	12.2686004756	0.0
4.885e-07	13.1169874814	0.0
4.8875e-07	12.5399238168	0.0
4.89e-07	13.1338002568	0.0
4.8925e-07	12.6624897107	0.0
4.895e-07	13.1123314999	0.0
4.8975e-07	13.3060446582	0.0
4.9e-07	12.7555281786	0.0
4.9025e-07	13.3589786123	0.0
4.905e-07	13.5375238497	0.0
4.9075e-07	12.6558335706	0.0
4.91e-07	12.8598460951	0.0
4.9125e-07	12.7493627043	0.0
4.915e-07	13.5800808444	0.0
4.9175e-07	13.5809735842	0.0
4.92e-07	13.7882391796	0.0
4.9225e-07	13.8361780789	0.0
4.925e-07	13.2854507327	0.0
4.9275e-07	13.6019552407	0.0
4.93e-07	13.2448892068	0.0
4.9325e-07	14.0420567351	0.0
4.935e-07	13.815934191	0.0
4.9375e-07	13.8780687939	0.0
4.94e-07	13.4798590799	0.0
4.9425e-07	13.7469747441	0.0
4.945e-07	14.1212674321	0.0
4.9475e-07	13.5014811068	0.0
4.95e-07	14.0407528289	0.0
4.9525e-07	14.0187851752	0.0
4.955e-07	13.8605074952	0.0
4.9575e-07	14.0088550382	0.0
4.96e-07	14.1995601152	0.0
4.9625e-07	14.0470814685	0.0
4.965e-07	14.4466319755	0.0
4.9675e-07	14.0820225769	0.0
4.97e-07	14.0842129384	0.0
4.9725e-07	14.9119030128	0.0
4.975e-07	14.1139626277	0.0
4.9775e-07	14.5835111613	0.0
4.98e-07	14.2292347231	0.0
4.9825e-07	14.2420044141	0.0
4.985e-07	14.6363415796	0.0
4.9875e-07	14.7453363663	0.0
4.99e-07	14.6052899517	0.0
4.9925e-07	15.2096079862	0.0
4.995e-07	14.7477207063	0.0
4.9975e-07	15.3657531046	0.0
5e-07	14.7611625078	0.0
5.0025e-07	15.5197261817	0.0
5.005e-07	14.7909434486	0.0
5.0075e-07	15.1222930408	0.0
5.01e-07	15.0588314199	0.0
5.0125e-07	15.2830977478	0.0
5.015e-07	15.5655683474	0.0
5.0175e-07	15.794179057	0.0
5.02e-07	15.6680413812	0.0
5.0225e-07	15.1624932912	0.0
5.025e-07	15.2520717036	0.0
5.0275e-07	15.5430908561	0.0
5.03e-07	15.7978210078	0.0
5.0325e-07	16.1324597129	0.0
5.035e-07	15.8583084214	0.0
5.0375e-07	15.6121960704	0.0
5.04e-07	16.2366183215	0.0
5.0425e-07	16.3512133453	0.0
5.045e-07	16.2125125682	0.0
5.0475e-07	15.7516129451	0.0
5.05e-07	16.3176626593	0.0
5.0525e-07	16.2754362465	0.0
5.055e-07	16.3391657031	0.0
5.0575e-07	16.7011109223	0.0
5.06e-07	16.5649265655	0.0
5.0625e-07	16.3318539193	0.0
5.065e-07	16.3179549601	0.0
5.0675e-07	16.1496931803	0.0
5.07e-07	16.6911489991	0.0
5.0725e-07	16.8508131028	0.0
5.075e-07	16.5816755773	0.0
5.0775e-07	16.5138666373	0.0
5.08e-07	16.6691833054	0.0
5.0825e-07	16.5893586743	0.0
5.085e-07	16.8190228973	0.0
5.0875e-07	16.751078314	0.0
5.09e-07	16.7444028191	0.0
5.0925e-07	17.3333737219	0.0
5.095e-07	17.7172749937	0.0
5.0975e-07	17.7601361005	0.0
5.1e-07	17.3225105025	0.0
5.1025e-07	17.9380728956	0.0
5.105e-07	17.7551455254	0.0
5.1075e-07	17.2196220088	0.0
5.11e-07	17.378902849	0.0
5.1125e-07	17.52654154	0.0
5.115e-07	17.5075642505	0.0
5.1175e-07	18.0614540312	0.0
5.12e-07	17.6446135544	0.0
5.1225e-07	18.3960375602	0.0
5.125e-07	17.6483762214	0.0
5.1275e-07	18.441612541	0.0
5.13e-07	18.3603832658	0.0
5.1325e-07	17.9717980247	0.0
5.135e-07	18.56320171	0.0
5.1375e-07	18.0443275244	0.0
5.14e-07	18.2219935053	0.0
5.1425e-07	18.330198142	0.0
5.145e-07	18.9495180601	0.0
5.1475e-07	18.3951101734	0.0
5.15e-07	18.4112226086	0.0
5.1525e-07	19.25624099	0.0
5.155e-07	18.7052520345	0.0
5.1575e-07	19.170561823	0.0
5.16e-07	18.8888783995	0.0
5.1625e-07	19.1065634753	0.0
5.165e-07	19.7153551023	0.0
5.1675e-07	19.247983373	0.0
5.17e-07	19.1982457372	0.0
5.1725e-07	19.5889714759	0.0
5.175e-07	19.0388359333	0.0
5.1775e-07	19.7883673082	0.0
5.18e-07	19.6849568328	0.0
5.1825e-07	19.4242880431	0.0
5.185e-07	20.0464247724	0.0
5.1875e-07	19.9522950991	0.0
5.19e-07	19.6042549176	0.0
5.1925e-07	19.8155563762	0.0
5.195e-07	20.5030746915	0.0
5.1975e-07	20.4579230575	0.0
5.2e-07	20.4483605237	0.0
5.2025e-07	20.6465291961	0.0
5.205e-07	20.6957377564	0.0
5.2075e-07	20.0422978079	0.0
5.21e-07	20.8069260913	0.0
5.2125e-07	20.211822092	0.0
5.215e-07	20.5437062487	0.0
5.2175e-07	20.6782113405	0.0
5.22e-07	20.6574352278	0.0
5.2225e-07	21.0414972587	0.0
5.225e-07	20.5115483639	0.0
5.2275e-07	21.1124121683	0.0
5.23e-07	21.5405116541	0.0
5.2325e-07	21.0290497801	0.0
5.235e-07	21.6258125741	0.0
5.2375e-07	21.2415332718	0.0
5.24e-07	21.6467278636	0.0
5.2425e-07	21.8743275196	0.0
5.245e-07	21.5151416668	0.0
5.2475e-07	21.6646250357	0.0
5.25e-07	21.7172546307	0.0
5.2525e-07	21.5826583317	0.0
5.255e-07	21.8038032533	0.0
5.2575e-07	22.0197037452	0.0
5.26e-07	22.1842730185	0.0
5.2625e-07	22.161724416	0.0
5.265e-07	21.7372865747	0.0
5.2675e-07	22.6410076118	0.0
5.27e-07	22.1960436371	0.0
5.2725e-07	22.9035623586	0.0
5.275e-07	22.6113704066	0.0
5.2775e-07	22.5125225651	0.0
5.28e-07	23.0687514658	0.0
5.2825e-07	23.0214616911	0.0
5.285e-07	23.3062924542	0.0
5.2875e-07	23.2854507377	0.0
5.29e-07	22.8283669088	0.0
5.2925e-07	23.191730529	0.0
5.295e-07	22.7173114754	0.0
5.2975e-07	23.5072988235	0.0
5.3e-07	23.1639955952	0.0
5.3025e-07	23.2326683543	0.0
5.305e-07	23.6405999104	0.0
5.3075e-07	23.2618942078	0.0
5.31e-07	24.1003434956	0.0
5.3125e-07	24.1053197713	0.0
5.315e-07	23.4346765093	0.0
5.3175e-07	23.4659917201	0.0
5.32e-07	24.3306790029	0.0
5.3225e-07	23.8167047632	0.0
5.325e-07	24.3842178539	0.0
5.3275e-07	24.3912092612	0.0
5.33e-07	24.480086951	0.0
5.3325e-07	24.4112208535	0.0
5.335e-07	24.321891443	0.0
5.3375e-07	24.9925119509	0.0
5.34e-07	24.7211767524	0.0
5.3425e-07	24.2708039646	0.0
5.345e-07	24.8097253585	0.0
5.3475e-07	25.2584628355	0.0
5.35e-07	25.283360769	0.0
5.3525e-07	25.2008529094	0.0
5.355e-07	24.9728952558	0.0
5.3575e-07	24.8882991225	0.0
5.36e-07	25.551412598	0.0
5.3625e-07	25.0212816102	0.0
5.365e-07	25.1312442444	0.0
5.3675e-07	25.7003214038	0.0
5.37e-07	26.0126946606	0.0
5.3725e-07	25.2802858769	0.0
5.375e-07	26.3314568383	0.0
5.3775e-07	25.5947297604	0.0
5.38e-07	25.5233391798	0.0
5.3825e-07	26.3773658689	0.0
5.385e-07	25.8425792687	0.0
5.3875e-07	25.903438796	0.0
5.39e-07	25.8809597357	0.0
5.3925e-07	26.0651404124	0.0
5.395e-07	26.7926671875	0.0
5.3975e-07	26.1573875909	0.0
5.4e-07	26.4912094975	0.0
5.4025e-07	26.5232865884	0.0
5.405e-07	26.8954727245	0.0
5.4075e-07	27.2965350659	0.0
5.41e-07	27.18224033	0.0
5.4125e-07	26.8488217362	0.0
5.415e-07	26.8083595649	0.0
5.4175e-07	27.6440845416	0.0
5.42e-07	27.7715041039	0.0
5.4225e-07	27.9785444153	0.0
5.425e-07	27.5090454623	0.0
5.4275e-07	27.6915478317	0.0
5.43e-07	28.2401922754	0.0
5.4325e-07	27.7355519234	0.0
5.435e-07	27.681544376	0.0
5.4375e-07	27.8847883928	0.0
5.44e-07	28.3321274256	0.0
5.4425e-07	27.7611785078	0.0
5.445e-07	28.0501710404	0.0
5.4475e-07	28.1472450228	0.0
5.45e-07	28.585768843	0.0
5.4525e-07	28.4213713977	0.0
5.455e-07	28.217736796	0.0
5.4575e-07	28.467590643	0.0
5.46e-07	29.1974531587	0.0
5.4625e-07	29.3445699438	0.0
5.465e-07	28.9808905136	0.0
5.4675e-07	29.5643995263	0.0
5.47e-07	29.5065017211	0.0
5.4725e-07	29.5387895167	0.0
5.475e-07	29.5608438383	0.0
5.4775e-07	29.1112989205	0.0
5.48e-07	30.0055017503	0.0
5.4825e-07	29.4648518272	0.0
5.485e-07	30.1410867353	0.0
5.4875e-07	29.5696799436	0.0
5.49e-07	29.6469717966	0.0
5.4925e-07	30.1365005872	0.0
5.495e-07	29.9207438655	0.0
5.4975e-07	30.5708728136	0.0
5.5e-07	30.4260726022	0.0
5.5025e-07	30.1074549596	0.0
5.505e-07	31.0426177829	0.0
5.5075e-07	30.2496360961	0.0
5.51e-07	31.2074858194	0.0
5.5125e-07	30.6214881969	0.0
5.515e-07	30.5443364016	0.0
5.5175e-07	30.9437144285	0.0
5.52e-07	30.7023323378	0.0
5.5225e-07	31.7436656266	0.0
5.525e-07	31.7989962978	0.0
5.5275e-07	31.6021675811	0.0
5.53e-07	31.868450934	0.0
5.5325e-07	31.8435260418	0.0
5.535e-07	31.8723992835	0.0
5.5375e-07	32.126916832	0.0
5.54e-07	31.5774168291	0.0
5.5425e-07	31.6416351703	0.0
5.545e-07	32.585672627	0.0
5.5475e-07	31.7906167352	0.0
5.55e-07	32.1831910101	0.0
5.5525e-07	32.8263861963	0.0
5.555e-07	32.8032172738	0.0
5.5575e-07	32.8612442335	0.0
5.56e-07	32.7148413	0.0
5.5625e-07	32.5375093935	0.0
5.565e-07	32.928375802	0.0
5.5675e-07	33.2522943369	0.0
5.57e-07	33.4371694478	0.0
5.5725e-07	33.6409522305	0.0
5.575e-07	33.4636294564	0.0
5.5775e-07	33.0922174872	0.0
5.58e-07	33.6730281896	0.0
5.5825e-07	33.762218749	0.0
5.585e-07	33.5629091042	0.0
5.5875e-07	33.8812694126	0.0
5.59e-07	33.4209215021	0.0
5.5925e-07	34.2366982576	0.0
5.595e-07	34.4586670626	0.0
5.5975e-07	34.0146153338	0.0
5.6e-07	33.9905607425	0.0
5.6025e-07	34.1668261071	0.0
5.605e-07	34.1692906816	0.0
5.6075e-07	34.9468764069	0.0
5.61e-07	35.0023360154	0.0
5.6125e-07	35.2162839067	0.0
5.615e-07	35.2637259066	0.0
5.6175e-07	34.7060875104	0.0
5.62e-07	35.479519538	0.0
5.6225e-07	35.2426328704	0.0
5.625e-07	35.0009294362	0.0
5.6275e-07	35.5550818324	0.0
5.63e-07	35.4938861908	0.0
5.6325e-07	36.0389708295	0.0
5.635e-07	35.3652237256	0.0
5.6375e-07	35.957160567	0.0
5.64e-07	36.3857539884	0.0
5.6425e-07	36.3137935205	0.0
5.645e-07	36.5306693212	0.0
5.6475e-07	36.1301854241	0.0
5.65e-07	35.9726064465	0.0
5.6525e-07	36.0048901281	0.0
5.655e-07	36.5737173087	0.0
5.6575e-07	37.0116721072	0.0
5.66e-07	37.0284516612	0.0
5.6625e-07	36.6520167005	0.0
5.665e-07	36.5740538809	0.0
5.6675e-07	36.7958216798	0.0
5.67e-07	36.7669007972	0.0
5.6725e-07	37.0585160163	0.0
5.675e-07	37.2505061441	0.0
5.6775e-07	37.0297690977	0.0
5.68e-07	37.2072455475	0.0
5.6825e-07	37.3628412006	0.0
5.685e-07	37.4468460496	0.0
5.6875e-07	37.4409957436	0.0
5.69e-07	38.2378337803	0.0
5.6925e-07	38.336333136	0.0
5.695e-07	38.3048948439	0.0
5.6975e-07	37.90477342	0.0
5.7e-07	38.2676796207	0.0
5.7025e-07	38.8767066939	0.0
5.705e-07	38.9558804059	0.0
5.7075e-07	38.9696412287	0.0
5.71e-07	38.5371367923	0.0
5.7125e-07	38.7284888646	0.0
5.715e-07	39.150715011	0.0
5.7175e-07	39.3565961565	0.0
5.72e-07	38.9289543226	0.0
5.7225e-07	39.6405347166	0.0
5.725e-07	39.8080578961	0.0
5.7275e-07	39.7821413461	0.0
5.73e-07	39.8682468738	0.0
5.7325e-07	39.9232144594	0.0
5.735e-07	39.6318611469	0.0
5.7375e-07	40.3688035744	0.0
5.74e-07	39.8037326277	0.0
5.7425e-07	39.7094753379	0.0
5.745e-07	39.8940697403	0.0
5.7475e-07	40.6196053561	0.0
5.75e-07	40.1879002224	0.0
5.7525e-07	40.469834061	0.0
5.755e-07	40.8478257688	0.0
5.7575e-07	40.8667897536	0.0
5.76e-07	40.8383293203	0.0
5.7625e-07	40.5656509953	0.0
5.765e-07	40.6325684808	0.0
5.7675e-07	41.0520149207	0.0
5.77e-07	41.1954416359	0.0
5.7725e-07	41.314924019	0.0
5.775e-07	41.6041174813	0.0
5.7775e-07	41.9757738526	0.0
5.78e-07	41.4231996691	0.0
5.7825e-07	41.599366904	0.0
5.785e-07	41.8478520868	0.0
5.7875e-07	41.9623606499	0.0
5.79e-07	41.7023442348	0.0
5.7925e-07	42.2038215695	0.0
5.795e-07	42.1874791167	0.0
5.7975e-07	42.4989463643	0.0
5.8e-07	41.9510219864	0.0
5.8025e-07	42.4676762561	0.0
5.805e-07	42.4419732418	0.0
5.8075e-07	42.964716389	0.0
5.81e-07	43.0487470132	0.0
5.8125e-07	42.6504677562	0.0
5.815e-07	43.419853756	0.0
5.8175e-07	42.7379859837	0.0
5.82e-07	43.2714913397	0.0
5.8225e-07	42.9559738099	0.0
5.825e-07	43.6422623604	0.0
5.8275e-07	44.0366608822	0.0
5.83e-07	43.6054923148	0.0
5.8325e-07	43.6791466839	0.0
5.835e-07	43.4158498822	0.0
5.8375e-07	43.6111515504	0.0
5.84e-07	44.1694010371	0.0
5.8425e-07	44.1463350825	0.0
5.845e-07	43.8938991611	0.0
5.8475e-07	44.1517858204	0.0
5.85e-07	44.2633906498	0.0
5.8525e-07	44.8938250575	0.0
5.855e-07	44.9525379105	0.0
5.8575e-07	44.8467552008	0.0
5.86e-07	44.862541294	0.0
5.8625e-07	45.4438276021	0.0
5.865e-07	45.2026225484	0.0
5.8675e-07	45.1511456864	0.0
5.87e-07	45.2109790051	0.0
5.8725e-07	45.0808509	0.0
5.875e-07	45.6961772911	0.0
5.8775e-07	46.0016720634	0.0
5.88e-07	45.2232642159	0.0
5.8825e-07	45.5810083349	0.0
5.885e-07	45.8577318985	0.0
5.8875e-07	46.0659294866	0.0
5.89e-07	45.9147120947	0.0
5.8925e-07	45.7244049311	0.0
5.895e-07	46.717382929	0.0
5.8975e-07	46.3385989545	0.0
5.9e-07	46.8172412971	0.0
5.9025e-07	46.1084789765	0.0
5.905e-07	46.8255898202	0.0
5.9075e-07	46.7166799184	0.0
5.91e-07	46.5928236446	0.0
5.9125e-07	46.6294438944	0.0
5.915e-07	46.768542644	0.0
5.9175e-07	47.5190709148	0.0
5.92e-07	47.4607795279	0.0
5.9225e-07	47.8779553489	0.0
5.925e-07	47.7490777249	0.0
5.9275e-07	47.2952887005	0.0
5.93e-07	47.9380814684	0.0
5.9325e-07	47.6333923118	0.0
5.935e-07	47.5811863243	0.0
5.9375e-07	47.9257296916	0.0
5.94e-07	47.6179808566	0.0
5.9425e-07	47.9493392563	0.0
5.945e-07	48.7424914185	0.0
5.9475e-07	48.6428303377	0.0
5.95e-07	48.1049493092	0.0
5.9525e-07	48.3252002397	0.0
5.955e-07	48.2212360821	0.0
5.9575e-07	48.5031795671	0.0
5.96e-07	48.7457254302	0.0
5.9625e-07	48.5158566226	0.0
5.965e-07	49.2682178851	0.0
5.9675e-07	49.1331112465	0.0
5.97e-07	49.2366867879	0.0
5.9725e-07	48.8705780959	0.0
5.975e-07	49.177542282	0.0
5.9775e-07	50.0102281168	0.0
5.98e-07	50.0072979412	0.0
5.9825e-07	50.0328450875	0.0
5.985e-07	49.752560118	0.0
5.9875e-07	49.6623480985	0.0
5.99e-07	50.2333120738	0.0
5.9925e-07	50.2037702452	0.0
5.995e-07	49.8139843561	0.0
5.9975e-07	50.3642573355	0.0
6e-07	50.7795375754	0.0
6.0025e-07	50.7885181773	0.0
6.005e-07	51.0740856998	0.0
6.0075e-07	50.7870239001	0.0
6.01e-07	51.1768654941	0.0
6.0125e-07	50.5744105492	0.0
6.015e-07	50.6177742664	0.0
6.0175e-07	50.6475760353	0.0
6.02e-07	51.5129855189	0.0
6.0225e-07	51.4031212463	0.0
6.025e-07	51.2223385382	0.0
6.0275e-07	51.5528798648	0.0
6.03e-07	51.7752701302	0.0
6.0325e-07	51.9917625996	0.0
6.035e-07	51.7956300323	0.0
6.0375e-07	51.9429839462	0.0
6.04e-07	52.2831481232	0.0
6.0425e-07	52.0423879735	0.0
6.045e-07	52.0809707082	0.0
6.0475e-07	52.627322317	0.0
6.05e-07	52.1581608184	0.0
6.0525e-07	52.141216485	0.0
6.055e-07	52.5373423264	0.0
6.0575e-07	52.1962136657	0.0
6.06e-07	52.9892120077	0.0
6.0625e-07	52.5745152881	0.0
6.065e-07	53.1713820466	0.0
6.0675e-07	52.4197258954	0.0
6.07e-07	53.0789411929	0.0
6.0725e-07	52.8425517739	0.0
6.075e-07	53.1114174769	0.0
6.0775e-07	53.2484007921	0.0
6.08e-07	53.260455711	0.0
6.0825e-07	53.1084779334	0.0
6.085e-07	53.4670063606	0.0
6.0875e-07	53.5594477413	0.0
6.09e-07	53.3345312885	0.0
6.0925e-07	54.0594194892	0.0
6.095e-07	53.9815864148	0.0
6.0975e-07	53.8099792109	0.0
6.1e-07	54.2832418988	0.0
6.1025e-07	53.9485908978	0.0
6.105e-07	54.5744036616	0.0
6.1075e-07	54.1797195331	0.0
6.11e-07	54.6974915671	0.0
6.1125e-07	54.8612651122	0.0
6.115e-07	54.100693965	0.0
6.1175e-07	55.0486270733	0.0
6.12e-07	55.1194192068	0.0
6.1225e-07	55.073568779	0.0
6.125e-07	55.3010280325	0.0
6.1275e-07	55.0041917979	0.0
6.13e-07	54.6349304235	0.0
6.1325e-07	55.2842031776	0.0
6.135e-07	55.0233106427	0.0
6.1375e-07	55.7567044775	0.0
6.14e-07	55.5848852458	0.0
6.1425e-07	55.4802902385	0.0
6.145e-07	55.4005310627	0.0
6.1475e-07	55.9159675617	0.0
6.15e-07	56.0613849385	0.0
6.1525e-07	55.8328329852	0.0
6.155e-07	56.3204486675	0.0
6.1575e-07	55.7914461599	0.0
6.16e-07	56.0757468145	0.0
6.1625e-07	56.39281368	0.0
6.165e-07	55.7071431104	0.0
6.1675e-07	55.9766519849	0.0
6.17e-07	56.5059665013	0.0
6.1725e-07	56.6048640349	0.0
6.175e-07	56.8642119022	0.0
6.1775e-07	56.7703351865	0.0
6.18e-07	56.1561511715	0.0
6.1825e-07	57.1657444836	0.0
6.185e-07	56.6810752795	0.0
6.1875e-07	56.374060693	0.0
6.19e-07	56.7245963328	0.0
6.1925e-07	56.5592379083	0.0
6.195e-07	57.4511195136	0.0
6.1975e-07	56.7732392315	0.0
6.2e-07	57.68276304	0.0
6.2025e-07	57.4264015171	0.0
6.205e-07	57.6604067072	0.0
6.2075e-07	57.769974914	0.0
6.21e-07	57.618032128	0.0
6.2125e-07	57.9573179663	0.0
6.215e-07	58.1458265167	0.0
6.2175e-07	58.1234825017	0.0
6.22e-07	57.8411856416	0.0
6.2225e-07	58.3979408802	0.0
6.225e-07	58.0225460879	0.0
6.2275e-07	58.3288581214	0.0
6.23e-07	58.6017853268	0.0
6.2325e-07	58.6644341147	0.0
6.235e-07	58.1984849	0.0
6.2375e-07	58.7984931361	0.0
6.24e-07	58.0429703124	0.0
6.2425e-07	58.2128055026	0.0
6.245e-07	58.8822582741	0.0
6.2475e-07	59.0817562016	0.0
6.25e-07	59.1491948283	0.0
6.2525e-07	58.8910152332	0.0
6.255e-07	58.7020863179	0.0
6.2575e-07	59.1251337923	0.0
6.26e-07	59.0356292839	0.0
6.2625e-07	58.8025954315	0.0
6.265e-07	59.0340716377	0.0
6.2675e-07	59.0933038177	0.0
6.27e-07	59.6523843544	0.0
6.2725e-07	59.005412568	0.0
6.275e-07	59.5891530524	0.0
6.2775e-07	59.5636363682	0.0
6.28e-07	59.4193598305	0.0
6.2825e-07	59.8831745449	0.0
6.285e-07	59.5038464807	0.0
6.2875e-07	59.3903714695	0.0
6.29e-07	59.5575641226	0.0
6.2925e-07	60.1353192231	0.0
6.295e-07	60.0671755934	0.0
6.2975e-07	60.1319043684	0.0
6.3e-07	60.2331966606	0.0
6.3025e-07	60.3536492392	0.0
6.305e-07	60.2063121251	0.0
6.3075e-07	60.362942116	0.0
6.31e-07	59.893841689	0.0
6.3125e-07	60.5378046624	0.0
6.315e-07	60.815494333	0.0
6.3175e-07	59.8805650022	0.0
6.32e-07	60.1944782781	0.0
6.3225e-07	60.3571107226	0.0
6.325e-07	60.9232401314	0.0
6.3275e-07	60.526613804	0.0
6.33e-07	60.2900096891	0.0
6.3325e-07	61.0224385363	0.0
6.335e-07	60.8346645743	0.0
6.3375e-07	60.5031131615	0.0
6.34e-07	60.4517394046	0.0
6.3425e-07	60.5444558591	0.0
6.345e-07	60.7097214508	0.0
6.3475e-07	60.8352244183	0.0
6.35e-07	60.5992853407	0.0
6.3525e-07	61.1320890833	0.0
6.355e-07	60.7167424004	0.0
6.3575e-07	61.3085483632	0.0
6.36e-07	61.7037064957	0.0
6.3625e-07	61.7140747539	0.0
6.365e-07	61.3338470539	0.0
6.3675e-07	61.9436616065	0.0
6.37e-07	61.2111627402	0.0
6.3725e-07	61.6066540012	0.0
6.375e-07	61.3220251802	0.0
6.3775e-07	61.2431394247	0.0
6.38e-07	61.9693339751	0.0
6.3825e-07	61.7347064591	0.0
6.385e-07	62.125176198	0.0
6.3875e-07	61.3703108523	0.0
6.39e-07	61.6597424666	0.0
6.3925e-07	62.3892204315	0.0
6.395e-07	61.980499102	0.0
6.3975e-07	61.9560369205	0.0
6.4e-07	62.4839669978	0.0
6.4025e-07	61.8011947361	0.0
6.405e-07	62.3394913939	0.0
6.4075e-07	61.8184811196	0.0
6.41e-07	62.361882543	0.0
6.4125e-07	62.6010531564	0.0
6.415e-07	62.8144130826	0.0
6.4175e-07	62.8722876254	0.0
6.42e-07	62.1174638103	0.0
6.4225e-07	62.6019984976	0.0
6.425e-07	62.704499746	0.0
6.4275e-07	62.3644390261	0.0
6.43e-07	62.1880116807	0.0
6.4325e-07	62.5854582939	0.0
6.435e-07	62.7313751168	0.0
6.4375e-07	62.6268276224	0.0
6.44e-07	62.7012299384	0.0
6.4425e-07	62.7239123726	0.0
6.445e-07	63.0927766587	0.0
6.4475e-07	62.884411949	0.0
6.45e-07	62.6833652459	0.0
6.4525e-07	63.1910869079	0.0
6.455e-07	62.6068977945	0.0
6.4575e-07	63.0460806254	0.0
6.46e-07	63.0943362625	0.0
6.4625e-07	62.9219367624	0.0
6.465e-07	63.5380187118	0.0
6.4675e-07	62.7583143373	0.0
6.47e-07	63.5972427333	0.0
6.4725e-07	63.1457630855	0.0
6.475e-07	63.2423102437	0.0
6.4775e-07	63.1848073956	0.0
6.48e-07	63.3590616458	0.0
6.4825e-07	62.8207215875	0.0
6.485e-07	62.955512223	0.0
6.4875e-07	63.3090028207	0.0
6.49e-07	63.0928617231	0.0
6.4925e-07	63.1724263688	0.0
6.495e-07	63.50603326	0.0
6.4975e-07	63.6756127208	0.0
6.5e-07	63.615931042	0.0
6.5025e-07	63.6442508392	0.0
6.505e-07	63.9329667008	0.0
6.5075e-07	64.0596316866	0.0
6.51e-07	63.706858872	0.0
6.5125e-07	63.4553286522	0.0
6.515e-07	63.2249459285	0.0
6.5175e-07	64.0787342116	0.0
6.52e-07	63.4113156855	0.0
6.5225e-07	63.2460988259	0.0
6.525e-07	63.4080159832	0.0
6.5275e-07	64.112592514	0.0
6.53e-07	64.2274842828	0.0
6.5325e-07	63.9039019239	0.0
6.535e-07	63.526020242	0.0
6.5375e-07	63.8421584752	0.0
6.54e-07	63.799781764	0.0
6.5425e-07	64.1757760584	0.0
6.545e-07	63.8457618421	0.0
6.5475e-07	64.2631858708	0.0
6.55e-07	63.9226231597	0.0
6.5525e-07	64.3194494659	0.0
6.555e-07	64.4327924955	0.0
6.5575e-07	64.0795588116	0.0
6.56e-07	63.637658498	0.0
6.5625e-07	64.3312681091	0.0
6.565e-07	63.853805251	0.0
6.5675e-07	64.2409003655	0.0
6.57e-07	64.1186659594	0.0
6.5725e-07	64.0286528761	0.0
6.575e-07	64.238278942	0.0
6.5775e-07	64.5858283706	0.0
6.58e-07	63.7695687893	0.0
6.5825e-07	63.9894140154	0.0
6.585e-07	64.4762885351	0.0
6.5875e-07	64.5371044655	0.0
6.59e-07	64.3995124853	0.0
6.5925e-07	64.555755325	0.0
6.595e-07	63.774706652	0.0
6.5975e-07	64.3886577546	0.0
6.6e-07	64.153873887	0.0
6.6025e-07	64.1368323143	0.0
6.605e-07	64.1484154782	0.0
6.6075e-07	64.0587470714	0.0
6.61e-07	63.90510415	0.0
6.6125e-07	63.9361784816	0.0
6.615e-07	63.8861101969	0.0
6.6175e-07	64.5044741128	0.0
6.62e-07	64.5932176402	0.0
6.6225e-07	64.1586316491	0.0
6.625e-07	63.8071379862	0.0
6.6275e-07	64.1175755461	0.0
6.63e-07	63.9965535173	0.0
6.6325e-07	64.2294170636	0.0
6.635e-07	64.1007122235	0.0
6.6375e-07	64.3196610893	0.0
6.64e-07	64.1532281044	0.0
6.6425e-07	63.8047060852	0.0
6.645e-07	64.2642082098	0.0
6.6475e-07	64.5050411156	0.0
6.65e-07	64.28027897	0.0
6.6525e-07	63.8915126828	0.0
6.655e-07	64.2536367089	0.0
6.6575e-07	64.1051149516	0.0
6.66e-07	64.0812232771	0.0
6.6625e-07	64.0220142994	0.0
6.665e-07	64.7402503722	0.0
6.6675e-07	64.5826084743	0.0
6.67e-07	64.4164572859	0.0
6.6725e-07	64.017877997	0.0
6.675e-07	64.2623084656	0.0
6.6775e-07	64.5992603213	0.0
6.68e-07	64.5202978167	0.0
6.6825e-07	63.8551898362	0.0
6.685e-07	64.5242103461	0.0
6.6875e-07	64.636400646	0.0
6.69e-07	64.1973678111	0.0
6.6925e-07	63.7601710224	0.0
6.695e-07	64.1514712911	0.0
6.6975e-07	64.148857109	0.0
6.7e-07	63.7573351809	0.0
6.7025e-07	64.5990216447	0.0
6.705e-07	64.0062879965	0.0
6.7075e-07	64.0566547368	0.0
6.71e-07	64.1374419676	0.0
6.7125e-07	64.0473205984	0.0
6.715e-07	64.0782365617	0.0
6.7175e-07	63.7255277578	0.0
6.72e-07	63.6701745861	0.0
6.7225e-07	64.2057485494	0.0
6.725e-07	63.9679776258	0.0
6.7275e-07	64.3551886867	0.0
6.73e-07	64.0385459405	0.0
6.7325e-07	64.4438668344	0.0
6.735e-07	63.580017848	0.0
6.7375e-07	63.517135204	0.0
6.74e-07	63.8629133288	0.0
6.7425e-07	63.6964340382	0.0
6.745e-07	63.4352032837	0.0
6.7475e-07	63.9980167928	0.0
6.75e-07	63.6392336836	0.0
6.7525e-07	63.5462221664	0.0
6.755e-07	64.0279511931	0.0
6.7575e-07	64.0353451461	0.0
6.76e-07	63.8721542211	0.0
6.7625e-07	64.1224885601	0.0
6.765e-07	63.6842008814	0.0
6.7675e-07	63.6342532877	0.0
6.77e-07	63.9510183838	0.0
6.7725e-07	63.8802833203	0.0
6.775e-07	63.1884300115	0.0
6.7775e-07	63.1120090105	0.0
6.78e-07	63.4053923237	0.0
6.7825e-07	63.5478628213	0.0
6.785e-07	63.9183677806	0.0
6.7875e-07	63.5796484475	0.0
6.79e-07	63.2988624987	0.0
6.7925e-07	62.9865098355	0.0
6.795e-07	63.0981739865	0.0
6.7975e-07	63.055075635	0.0
6.8e-07	63.8254489513	0.0
6.8025e-07	62.9233282733	0.0
6.805e-07	63.7251536303	0.0
6.8075e-07	63.4078597965	0.0
6.81e-07	63.4242328484	0.0
6.8125e-07	63.3655375745	0.0
6.815e-07	63.6466554862	0.0
6.8175e-07	62.7535166395	0.0
6.82e-07	62.9699416873	0.0
6.8225e-07	62.9833980583	0.0
6.825e-07	63.0979291526	0.0
6.8275e-07	63.1513492226	0.0
6.83e-07	62.7351573355	0.0
6.8325e-07	62.7914243366	0.0
6.835e-07	62.8947385434	0.0
6.8375e-07	62.8345456737	0.0
6.84e-07	63.1691861729	0.0
6.8425e-07	62.9116216396	0.0
6.845e-07	62.4156568462	0.0
6.8475e-07	62.6760408474	0.0
6.85e-07	62.7707795883	0.0
6.8525e-07	62.6445819775	0.0
6.855e-07	62.2997833925	0.0
6.8575e-07	62.406422497	0.0
6.86e-07	62.6494118698	0.0
6.8625e-07	62.323563386	0.0
6.865e-07	62.2668078513	0.0
6.8675e-07	62.7602945321	0.0
6.87e-07	62.265861082	0.0
6.8725e-07	62.3089992542	0.0
6.875e-07	62.397235259	0.0
6.8775e-07	61.9727023392	0.0
6.88e-07	61.9793083761	0.0
6.8825e-07	61.993414717	0.0
6.885e-07	61.9077814785	0.0
6.8875e-07	62.4263743326	0.0
6.89e-07	62.307827689	0.0
6.8925e-07	61.8602136895	0.0
6.895e-07	62.0601746872	0.0
6.8975e-07	61.8982948881	0.0
6.9e-07	61.375729607	0.0
6.9025e-07	61.8731960327	0.0
6.905e-07	61.2546848452	0.0
6.9075e-07	61.6068917511	0.0
6.91e-07	61.5476797867	0.0
6.9125e-07	61.917934863	0.0
6.915e-07	61.6625898113	0.0
6.9175e-07	61.4585779486	0.0
6.92e-07	60.9179012868	0.0
6.9225e-07	61.0148111556	0.0
6.925e-07	60.8637753912	0.0
6.9275e-07	60.8377251001	0.0
6.93e-07	61.10385421	0.0
6.9325e-07	61.5390140424	0.0
6.935e-07	60.6683352708	0.0
6.9375e-07	61.410198885	0.0
6.94e-07	61.4766967389	0.0
6.9425e-07	61.3036789094	0.0
6.945e-07	60.7564262871	0.0
6.9475e-07	60.7129670521	0.0
6.95e-07	60.7321085385	0.0
6.9525e-07	60.5829322183	0.0
6.955e-07	61.0522012955	0.0
6.9575e-07	60.7070902969	0.0
6.96e-07	60.6830507365	0.0
6.9625e-07	60.4347320303	0.0
6.965e-07	60.6252011672	0.0
6.9675e-07	60.7813053704	0.0
6.97e-07	59.9936731795	0.0
6.9725e-07	60.6012732914	0.0
6.975e-07	59.802635115	0.0
6.9775e-07	59.9877041617	0.0
6.98e-07	60.175692666	0.0
6.9825e-07	60.3326254627	0.0
6.985e-07	60.1625017961	0.0
6.9875e-07	60.1101997207	0.0
6.99e-07	59.6586652841	0.0
6.9925e-07	59.8884353277	0.0
6.995e-07	60.031331907	0.0
6.9975e-07	59.3354754209	0.0
7e-07	59.4167336658	0.0
7.0025e-07	59.9253339293	0.0
7.005e-07	59.1423572638	0.0
7.0075e-07	59.6967852476	0.0
7.01e-07	58.9534220629	0.0
7.0125e-07	58.9884222283	0.0
7.015e-07	59.4364964453	0.0
7.0175e-07	59.0740639248	0.0
7.02e-07	58.7162768943	0.0
7.0225e-07	59.3210009387	0.0
7.025e-07	59.1706305127	0.0
7.0275e-07	58.80486397	0.0
7.03e-07	58.6439951126	0.0
7.0325e-07	59.1805702923	0.0
7.035e-07	58.9568399672	0.0
7.0375e-07	59.0012048958	0.0
7.04e-07	58.3776978119	0.0
7.0425e-07	58.4074628166	0.0
7.045e-07	58.5242054651	0.0
7.0475e-07	58.0735656306	0.0
7.05e-07	57.9082666381	0.0
7.0525e-07	57.8826901403	0.0
7.055e-07	57.8422563523	0.0
7.0575e-07	58.4860317115	0.0
7.06e-07	58.1110721926	0.0
7.0625e-07	57.5103309655	0.0
7.065e-07	57.3862316018	0.0
7.0675e-07	57.2641692519	0.0
7.07e-07	57.35506759	0.0
7.0725e-07	57.2914873849	0.0
7.075e-07	57.3089619153	0.0
7.0775e-07	57.0319489002	0.0
7.08e-07	57.0669041294	0.0
7.0825e-07	56.8207478629	0.0
7.085e-07	57.4091118062	0.0
7.0875e-07	56.8312050031	0.0
7.09e-07	56.6882023812	0.0
7.0925e-07	57.3447380227	0.0
7.095e-07	56.9841132796	0.0
7.0975e-07	56.8004175173	0.0
7.1e-07	56.907606076	0.0
7.1025e-07	56.2201121864	0.0
7.105e-07	56.2862634435	0.0
7.1075e-07	56.9816853185	0.0
7.11e-07	56.1618960967	0.0
7.1125e-07	56.0258142026	0.0
7.115e-07	56.3363782365	0.0
7.1175e-07	56.2128871801	0.0
7.12e-07	56.0453865299	0.0
7.1225e-07	56.119694796	0.0
7.125e-07	55.5152350969	0.0
7.1275e-07	56.104032244	0.0
7.13e-07	55.5446489828	0.0
7.1325e-07	55.3485702686	0.0
7.135e-07	55.4711518237	0.0
7.1375e-07	55.2441014106	0.0
7.14e-07	55.5385617277	0.0
7.1425e-07	55.5355522461	0.0
7.145e-07	55.5636683058	0.0
7.1475e-07	55.4344749678	0.0
7.15e-07	54.8465481104	0.0
7.1525e-07	55.5901460798	0.0
7.155e-07	54.5931543639	0.0
7.1575e-07	54.5430222203	0.0
7.16e-07	55.3224050385	0.0
7.1625e-07	54.8672374131	0.0
7.165e-07	54.3600099797	0.0
7.1675e-07	54.675819872	0.0
7.17e-07	55.0209284333	0.0
7.1725e-07	54.3623774857	0.0
7.175e-07	54.735227537	0.0
7.1775e-07	54.5001382885	0.0
7.18e-07	54.3987820649	0.0
7.1825e-07	54.5705951449	0.0
7.185e-07	54.2297764332	0.0
7.1875e-07	53.8926697857	0.0
7.19e-07	53.7805357695	0.0
7.1925e-07	53.9908874872	0.0
7.195e-07	53.8001692983	0.0
7.1975e-07	53.8892709433	0.0
7.2e-07	53.9878393848	0.0
7.2025e-07	53.6203583503	0.0
7.205e-07	52.8472183169	0.0
7.2075e-07	52.8675005911	0.0
7.21e-07	53.2961190173	0.0
7.2125e-07	53.2812376649	0.0
7.215e-07	52.6406820108	0.0
7.2175e-07	53.2185933943	0.0
7.22e-07	52.8984636908	0.0
7.2225e-07	52.5736612244	0.0
7.225e-07	52.5458647991	0.0
7.2275e-07	52.9412250615	0.0
7.23e-07	52.4461854584	0.0
7.2325e-07	52.0611010701	0.0
7.235e-07	52.5383604799	0.0
7.2375e-07	52.3726572572	0.0
7.24e-07	51.9794333186	0.0
7.2425e-07	52.314884323	0.0
7.245e-07	51.4503297203	0.0
7.2475e-07	51.3314189649	0.0
7.25e-07	51.8096881319	0.0
7.2525e-07	51.8301359783	0.0
7.255e-07	51.5460157492	0.0
7.2575e-07	51.8394843505	0.0
7.26e-07	51.4472909847	0.0
7.2625e-07	50.8341644367	0.0
7.265e-07	51.1095462048	0.0
7.2675e-07	51.3026799515	0.0
7.27e-07	50.9317359639	0.0
7.2725e-07	50.6675011851	0.0
7.275e-07	50.6074765736	0.0
7.2775e-07	51.0877016574	0.0
7.28e-07	50.3024578908	0.0
7.2825e-07	50.7045562236	0.0
7.285e-07	50.1168185101	0.0
7.2875e-07	50.213087121	0.0
7.29e-07	50.0764817414	0.0
7.2925e-07	50.0555686416	0.0
7.295e-07	49.8290887949	0.0
7.2975e-07	50.3015911733	0.0
7.3e-07	50.2124125231	0.0
7.3025e-07	50.1452055138	0.0
7.305e-07	49.9579342248	0.0
7.3075e-07	49.9966046518	0.0
7.31e-07	49.393945862	0.0
7.3125e-07	49.5090253677	0.0
7.315e-07	48.8192319596	0.0
7.3175e-07	49.3413208159	0.0
7.32e-07	49.4084363869	0.0
7.3225e-07	49.2857223781	0.0
7.325e-07	48.748744302	0.0
7.3275e-07	49.1557446213	0.0
7.33e-07	48.8242227971	0.0
7.3325e-07	48.1986701064	0.0
7.335e-07	48.1633284364	0.0
7.3375e-07	48.2946683247	0.0
7.34e-07	48.684681562	0.0
7.3425e-07	48.4485821491	0.0
7.345e-07	47.6092290437	0.0
7.3475e-07	48.3355233716	0.0
7.35e-07	47.9899864531	0.0
7.3525e-07	47.8683498274	0.0
7.355e-07	47.2347297965	0.0
7.3575e-07	47.6852220532	0.0
7.36e-07	47.5158291155	0.0
7.3625e-07	47.2350335832	0.0
7.365e-07	47.6271460511	0.0
7.3675e-07	47.3906095107	0.0
7.37e-07	47.3395177718	0.0
7.3725e-07	46.7811577565	0.0
7.375e-07	47.2181097425	0.0
7.3775e-07	46.4703698457	0.0
7.38e-07	46.2643005417	0.0
7.3825e-07	46.8500642542	0.0
7.385e-07	46.3751980701	0.0
7.3875e-07	46.5043540344	0.0
7.39e-07	46.3403970673	0.0
7.3925e-07	46.2524740267	0.0
7.395e-07	46.2242667398	0.0
7.3975e-07	46.4945668224	0.0
7.4e-07	45.767092515	0.0
7.4025e-07	45.8419014831	0.0
7.405e-07	45.7144708819	0.0
7.4075e-07	45.5230391863	0.0
7.41e-07	45.7826951962	0.0
7.4125e-07	45.6075810071	0.0
7.415e-07	45.7179254967	0.0
7.4175e-07	45.1552199556	0.0
7.42e-07	44.7868916542	0.0
7.4225e-07	44.7116271512	0.0
7.425e-07	45.2342051221	0.0
7.4275e-07	44.292748543	0.0
7.43e-07	44.6028402909	0.0
7.4325e-07	44.3009198542	0.0
7.435e-07	44.6726155988	0.0
7.4375e-07	44.1714433376	0.0
7.44e-07	44.2572921187	0.0
7.4425e-07	44.6045521155	0.0
7.445e-07	43.5781161646	0.0
7.4475e-07	44.2621679158	0.0
7.45e-07	43.4720828894	0.0
7.4525e-07	43.5323825988	0.0
7.455e-07	43.8624740328	0.0
7.4575e-07	43.1396014065	0.0
7.46e-07	43.4395634442	0.0
7.4625e-07	43.3042248316	0.0
7.465e-07	43.6910874497	0.0
7.4675e-07	43.1066467643	0.0
7.47e-07	43.1010718385	0.0
7.4725e-07	43.2433451874	0.0
7.475e-07	42.9253482575	0.0
7.4775e-07	42.5407885013	0.0
7.48e-07	42.4718802283	0.0
7.4825e-07	42.8442387355	0.0
7.485e-07	42.2639116834	0.0
7.4875e-07	42.2643311036	0.0
7.49e-07	42.4052131177	0.0
7.4925e-07	41.8219433833	0.0
7.495e-07	42.4944266604	0.0
7.4975e-07	42.1996914053	0.0
7.5e-07	41.7314515547	0.0
7.5025e-07	41.9814325777	0.0
7.505e-07	41.3983806378	0.0
7.5075e-07	41.5838843362	0.0
7.51e-07	40.9345378738	0.0
7.5125e-07	41.7071378402	0.0
7.515e-07	41.0244216381	0.0
7.5175e-07	41.4631047192	0.0
7.52e-07	40.5741944913	0.0
7.5225e-07	41.3211786482	0.0
7.525e-07	41.2332889218	0.0
7.5275e-07	40.4384772533	0.0
7.53e-07	40.8662923791	0.0
7.5325e-07	40.6679771349	0.0
7.535e-07	40.7632198738	0.0
7.5375e-07	40.0937605839	0.0
7.54e-07	40.1390009344	0.0
7.5425e-07	39.7948091724	0.0
7.545e-07	39.9974862721	0.0
7.5475e-07	39.9287316092	0.0
7.55e-07	39.685156209	0.0
7.5525e-07	39.9896903756	0.0
7.555e-07	40.0457101225	0.0
7.5575e-07	39.2479930427	0.0
7.56e-07	39.2549132397	0.0
7.5625e-07	39.1672983125	0.0
7.565e-07	39.1138709884	0.0
7.5675e-07	39.1379935343	0.0
7.57e-07	38.7202932597	0.0
7.5725e-07	38.7835693337	0.0
7.575e-07	38.8342502743	0.0
7.5775e-07	38.393615101	0.0
7.58e-07	38.5341192105	0.0
7.5825e-07	38.2231214876	0.0
7.585e-07	38.8180108982	0.0
7.5875e-07	38.2296720612	0.0
7.59e-07	38.4928366893	0.0
7.5925e-07	37.8936985754	0.0
7.595e-07	38.0460253228	0.0
7.5975e-07	37.5676554434	0.0
7.6e-07	37.8998938091	0.0
7.6025e-07	37.3030742582	0.0
7.605e-07	37.7366898798	0.0
7.6075e-07	37.1978984566	0.0
7.61e-07	37.6054344171	0.0
7.6125e-07	37.1780115038	0.0
7.615e-07	37.0263831852	0.0
7.6175e-07	37.022974893	0.0
7.62e-07	37.346435237	0.0
7.6225e-07	36.3167695237	0.0
7.625e-07	36.7653574476	0.0
7.6275e-07	36.2131669481	0.0
7.63e-07	36.8844164975	0.0
7.6325e-07	35.9850574828	0.0
7.635e-07	36.7231204707	0.0
7.6375e-07	36.6384946625	0.0
7.64e-07	36.5138611998	0.0
7.6425e-07	36.0183937592	0.0
7.645e-07	36.2221526554	0.0
7.6475e-07	35.3222660424	0.0
7.65e-07	35.9167946983	0.0
7.6525e-07	35.2046393155	0.0
7.655e-07	35.3243507086	0.0
7.6575e-07	35.8036995387	0.0
7.66e-07	34.9921407736	0.0
7.6625e-07	34.9690309865	0.0
7.665e-07	35.2730107938	0.0
7.6675e-07	34.6573431272	0.0
7.67e-07	35.2888359034	0.0
7.6725e-07	35.2691650029	0.0
7.675e-07	35.0708145661	0.0
7.6775e-07	34.0992530168	0.0
7.68e-07	34.3379077767	0.0
7.6825e-07	34.8551934635	0.0
7.685e-07	34.4980607085	0.0
7.6875e-07	33.7887922264	0.0
7.69e-07	33.7959500517	0.0
7.6925e-07	34.4604871693	0.0
7.695e-07	33.7537094412	0.0
7.6975e-07	33.7987817628	0.0
7.7e-07	33.201096603	0.0
7.7025e-07	33.3911991745	0.0
7.705e-07	33.1439007609	0.0
7.7075e-07	33.805817584	0.0
7.71e-07	33.531378667	0.0
7.7125e-07	33.2438387666	0.0
7.715e-07	32.8641546633	0.0
7.7175e-07	32.6265576291	0.0
7.72e-07	33.2149096758	0.0
7.7225e-07	32.5445437186	0.0
7.725e-07	32.4950660958	0.0
7.7275e-07	32.8672232664	0.0
7.73e-07	32.300297462	0.0
7.7325e-07	32.035012916	0.0
7.735e-07	32.7067992893	0.0
7.7375e-07	32.5315033338	0.0
7.74e-07	32.1312270746	0.0
7.7425e-07	32.3455457083	0.0
7.745e-07	32.0653437689	0.0
7.7475e-07	31.699535252	0.0
7.75e-07	31.3739859787	0.0
7.7525e-07	31.4517536895	0.0
7.755e-07	31.152670509	0.0
7.7575e-07	31.4407954058	0.0
7.76e-07	31.3410239412	0.0
7.7625e-07	31.0025200052	0.0
7.765e-07	30.9181240151	0.0
7.7675e-07	30.8869491424	0.0
7.77e-07	30.5136700052	0.0
7.7725e-07	31.1681050346	0.0
7.775e-07	31.1755935771	0.0
7.7775e-07	30.8741704783	0.0
7.78e-07	31.0558049419	0.0
7.7825e-07	30.3160244435	0.0
7.785e-07	29.9097693398	0.0
7.7875e-07	30.4270085683	0.0
7.79e-07	29.7559903059	0.0
7.7925e-07	29.7026062153	0.0
7.795e-07	29.6933647406	0.0
7.7975e-07	29.8925953535	0.0
7.8e-07	29.6038316877	0.0
7.8025e-07	29.3512805669	0.0
7.805e-07	30.0100957048	0.0
7.8075e-07	29.096203239	0.0
7.81e-07	29.8381980099	0.0
7.8125e-07	29.40097523	0.0
7.815e-07	29.3042546867	0.0
7.8175e-07	29.2654549077	0.0
7.82e-07	29.0124570399	0.0
7.8225e-07	28.8448353888	0.0
7.825e-07	29.2867198018	0.0
7.8275e-07	28.2979410425	0.0
7.83e-07	28.8018185144	0.0
7.8325e-07	28.5158734438	0.0
7.835e-07	28.4508989166	0.0
7.8375e-07	28.129851619	0.0
7.84e-07	28.1063675282	0.0
7.8425e-07	28.4689917183	0.0
7.845e-07	27.8834799389	0.0
7.8475e-07	28.3833030249	0.0
7.85e-07	27.9147770672	0.0
7.8525e-07	27.7185352694	0.0
7.855e-07	27.2997631205	0.0
7.8575e-07	27.5471721866	0.0
7.86e-07	27.8542604143	0.0
7.8625e-07	27.4374789957	0.0
7.865e-07	27.6649231398	0.0
7.8675e-07	27.4225484805	0.0
7.87e-07	26.8881889494	0.0
7.8725e-07	26.9645997828	0.0
7.875e-07	26.7389044557	0.0
7.8775e-07	26.8480827639	0.0
7.88e-07	27.252031381	0.0
7.8825e-07	26.5908761119	0.0
7.885e-07	26.6167247945	0.0
7.8875e-07	26.7744055042	0.0
7.89e-07	27.0286264419	0.0
7.8925e-07	26.6717623893	0.0
7.895e-07	26.6530527672	0.0
7.8975e-07	25.8688869754	0.0
7.9e-07	26.4024876964	0.0
7.9025e-07	26.1172583961	0.0
7.905e-07	25.9910445021	0.0
7.9075e-07	25.5100393422	0.0
7.91e-07	26.0905526745	0.0
7.9125e-07	26.1263475435	0.0
7.915e-07	25.5086425872	0.0
7.9175e-07	25.4995634705	0.0
7.92e-07	25.227161719	0.0
7.9225e-07	25.4494856059	0.0
7.925e-07	25.0714695636	0.0
7.9275e-07	25.1012193703	0.0
7.93e-07	24.9367865894	0.0
7.9325e-07	25.3270716522	0.0
7.935e-07	24.786497096	0.0
7.9375e-07	24.5504295999	0.0
7.94e-07	24.7211862077	0.0
7.9425e-07	25.1678136862	0.0
7.945e-07	24.1585596705	0.0
7.9475e-07	24.9335032635	0.0
7.95e-07	24.0114243609	0.0
7.9525e-07	24.1805580477	0.0
7.955e-07	24.2179946124	0.0
7.9575e-07	23.9233712061	0.0
7.96e-07	24.2470026916	0.0
7.9625e-07	24.0487995661	0.0
7.965e-07	23.7664575973	0.0
7.9675e-07	24.2601468796	0.0
7.97e-07	23.3120008595	0.0
7.9725e-07	23.7711813489	0.0
7.975e-07	23.275919008	0.0
7.9775e-07	23.4541730098	0.0
7.98e-07	23.821688001	0.0
7.9825e-07	23.1787159474	0.0
7.985e-07	23.0478681322	0.0
7.9875e-07	23.0536718314	0.0
7.99e-07	23.6375054246	0.0
7.9925e-07	23.0340192257	0.0
7.995e-07	23.3859082424	0.0
7.9975e-07	22.6463008771	0.0
8e-07	23.1013759771	0.0
8.0025e-07	22.3801705125	0.0
8.005e-07	22.7879383835	0.0
8.0075e-07	23.0643303413	0.0
8.01e-07	22.6640143979	0.0
8.0125e-07	22.5123702741	0.0
8.015e-07	22.0169029034	0.0
8.0175e-07	22.5268472446	0.0
8.02e-07	21.8901869297	0.0
8.0225e-07	21.8266807526	0.0
8.025e-07	22.2927880589	0.0
8.0275e-07	22.2696907975	0.0
8.03e-07	21.9819855109	0.0
8.0325e-07	21.5950828299	0.0
8.035e-07	21.416688127	0.0
8.0375e-07	21.1835700813	0.0
8.04e-07	21.2684704509	0.0
8.0425e-07	21.8913623291	0.0
8.045e-07	21.0214296323	0.0
8.0475e-07	21.043046425	0.0
8.05e-07	21.1037812227	0.0
8.0525e-07	20.805628372	0.0
8.055e-07	20.6746163994	0.0
8.0575e-07	21.070758273	0.0
8.06e-07	20.8600403904	0.0
8.0625e-07	20.9850690131	0.0
8.065e-07	21.1851419597	0.0
8.0675e-07	20.8692135436	0.0
8.07e-07	20.1960827619	0.0
8.0725e-07	20.3613544694	0.0
8.075e-07	20.7267079844	0.0
8.0775e-07	20.159568259	0.0
8.08e-07	19.9641608427	0.0
8.0825e-07	20.3411236303	0.0
8.085e-07	20.0467485592	0.0
8.0875e-07	19.8289638762	0.0
8.09e-07	20.4512754237	0.0
8.0925e-07	19.7736329147	0.0
8.095e-07	20.1854156501	0.0
8.0975e-07	19.9455034213	0.0
8.1e-07	19.5276207788	0.0
8.1025e-07	19.754041492	0.0
8.105e-07	19.3478798664	0.0
8.1075e-07	19.5309566979	0.0
8.11e-07	19.2198432964	0.0
8.1125e-07	19.1771135199	0.0
8.115e-07	19.4986529273	0.0
8.1175e-07	19.4702806352	0.0
8.12e-07	19.3838559708	0.0
8.1225e-07	19.4876137832	0.0
8.125e-07	18.9720971453	0.0
8.1275e-07	18.6215037603	0.0
8.13e-07	19.1949425923	0.0
8.1325e-07	18.4968022225	0.0
8.135e-07	19.1787846189	0.0
8.1375e-07	19.1181485011	0.0
8.14e-07	18.7707275031	0.0
8.1425e-07	18.9706646225	0.0
8.145e-07	18.2157939048	0.0
8.1475e-07	18.8295150173	0.0
8.15e-07	18.3812081154	0.0
8.1525e-07	18.0112004337	0.0
8.155e-07	18.6747941166	0.0
8.1575e-07	18.0111263264	0.0
8.16e-07	17.6760259392	0.0
8.1625e-07	18.3295133444	0.0
8.165e-07	17.5296078032	0.0
8.1675e-07	17.5560951715	0.0
8.17e-07	17.4403041443	0.0
8.1725e-07	17.349572324	0.0
8.175e-07	18.1419366157	0.0
8.1775e-07	17.2448977034	0.0
8.18e-07	17.7861224419	0.0
8.1825e-07	17.8890352973	0.0
8.185e-07	17.9573417083	0.0
8.1875e-07	16.9729627741	0.0
8.19e-07	17.0709190693	0.0
8.1925e-07	17.0909393316	0.0
8.195e-07	16.9006169418	0.0
8.1975e-07	17.0711316313	0.0
8.2e-07	16.6781962716	0.0
8.2025e-07	16.5909766503	0.0
8.205e-07	16.9311635312	0.0
8.2075e-07	16.7240034664	0.0
8.21e-07	16.4477770349	0.0
8.2125e-07	16.6289967823	0.0
8.215e-07	17.1192118499	0.0
8.2175e-07	16.375699781	0.0
8.22e-07	17.0473097173	0.0
8.2225e-07	16.8916091943	0.0
8.225e-07	16.197395576	0.0
8.2275e-07	16.0838087106	0.0
8.23e-07	16.3224244017	0.0
8.2325e-07	16.547216903	0.0
8.235e-07	16.1589340027	0.0
8.2375e-07	16.1225368417	0.0
8.24e-07	15.7257491531	0.0
8.2425e-07	16.2959315393	0.0
8.245e-07	15.5898142039	0.0
8.2475e-07	16.0653886603	0.0
8.25e-07	15.515556093	0.0
8.2525e-07	15.4065503351	0.0
8.255e-07	15.6330983624	0.0
8.2575e-07	15.9459056303	0.0
8.26e-07	15.2536417878	0.0
8.2625e-07	15.1411045909	0.0
8.265e-07	15.321125537	0.0
8.2675e-07	15.8418750123	0.0
8.27e-07	15.063147164	0.0
8.2725e-07	15.8355619852	0.0
8.275e-07	15.0233507986	0.0
8.2775e-07	14.9104106197	0.0
8.28e-07	15.2217438292	0.0
8.2825e-07	15.553043124	0.0
8.285e-07	15.4900336351	0.0
8.2875e-07	15.4631056905	0.0
8.29e-07	15.1208211283	0.0
8.2925e-07	15.0982459686	0.0
8.295e-07	15.1562797659	0.0
8.2975e-07	14.7908086756	0.0
8.3e-07	15.1229788454	0.0
8.3025e-07	14.2661388184	0.0
8.305e-07	14.4319100122	0.0
8.3075e-07	15.0118891584	0.0
8.31e-07	14.2701564678	0.0
8.3125e-07	14.121969855	0.0
8.315e-07	14.7884558988	0.0
8.3175e-07	14.611764777	0.0
8.32e-07	14.1402976243	0.0
8.3225e-07	14.6037973572	0.0
8.325e-07	14.262834984	0.0
8.3275e-07	13.9516622268	0.0
8.33e-07	14.2784126046	0.0
8.3325e-07	13.8882944338	0.0
8.335e-07	14.2436469183	0.0
8.3375e-07	14.0434468774	0.0
8.34e-07	13.4543621308	0.0
8.3425e-07	13.3647145846	0.0
8.345e-07	14.0965834516	0.0
8.3475e-07	13.6196326759	0.0
8.35e-07	14.1139160512	0.0
8.3525e-07	13.2215226034	0.0
8.355e-07	13.1451079382	0.0
8.3575e-07	13.2298418245	0.0
8.36e-07	13.3744726463	0.0
8.3625e-07	13.4946396146	0.0
8.365e-07	13.2013940841	0.0
8.3675e-07	13.3881868707	0.0
8.37e-07	13.2207531711	0.0
8.3725e-07	12.8379266599	0.0
8.375e-07	13.5019439053	0.0
8.3775e-07	13.2268643863	0.0
8.38e-07	12.9774733086	0.0
8.3825e-07	13.1749235989	0.0
8.385e-07	12.6150734595	0.0
8.3875e-07	13.0439286683	0.0
8.39e-07	12.4368286707	0.0
8.3925e-07	12.972081155	0.0
8.395e-07	12.6296263607	0.0
8.3975e-07	12.2540741075	0.0
8.4e-07	13.1470758169	0.0
8.4025e-07	12.3894537599	0.0
8.405e-07	12.2436093617	0.0
8.4075e-07	12.4206137016	0.0
8.41e-07	12.6684715707	0.0
8.4125e-07	12.8921526932	0.0
8.415e-07	12.3830304513	0.0
8.4175e-07	12.1652506139	0.0
8.42e-07	11.9513769754	0.0
8.4225e-07	12.0451208541	0.0
8.425e-07	12.3536916199	0.0
8.4275e-07	12.0850569686	0.0
8.43e-07	11.8545205917	0.0
8.4325e-07	11.977017513	0.0
8.435e-07	12.550943086	0.0
8.4375e-07	12.3895951691	0.0
8.44e-07	11.8700319862	0.0
8.4425e-07	12.3840295618	0.0
8.445e-07	11.40169142	0.0
8.4475e-07	11.5226681743	0.0
8.45e-07	12.092694329	0.0
8.4525e-07	11.8699763105	0.0
8.455e-07	11.8264645309	0.0
8.4575e-07	11.6916971191	0.0
8.46e-07	11.485749396	0.0
8.4625e-07	11.4593560689	0.0
8.465e-07	11.8703472429	0.0
8.4675e-07	11.966863114	0.0
8.47e-07	11.7472776348	0.0
8.4725e-07	11.2058300792	0.0
8.475e-07	11.044322842	0.0
8.4775e-07	11.3684898482	0.0
8.48e-07	10.8402588047	0.0
8.4825e-07	11.6385550225	0.0
8.485e-07	11.3285243915	0.0
8.4875e-07	10.7088994371	0.0
8.49e-07	11.6213019822	0.0
8.4925e-07	11.0643137638	0.0
8.495e-07	11.0107598478	0.0
8.4975e-07	10.8088523427	0.0
8.5e-07	11.0067939197	0.0
8.5025e-07	10.8199100894	0.0
8.505e-07	10.9541384239	0.0
8.5075e-07	11.0883623769	0.0
8.51e-07	11.0743865555	0.0
8.5125e-07	10.8782603658	0.0
8.515e-07	11.0677721167	0.0
8.5175e-07	10.5035650899	0.0
8.52e-07	10.6197167412	0.0
8.5225e-07	11.0287649617	0.0
8.525e-07	10.5952800222	0.0
8.5275e-07	10.5765154152	0.0
8.53e-07	10.7520767433	0.0
8.5325e-07	10.7476059003	0.0
8.535e-07	10.0313683078	0.0
8.5375e-07	10.1868482914	0.0
8.54e-07	10.2090988523	0.0
8.5425e-07	10.2893091794	0.0
8.545e-07	9.90430784545	0.0
8.5475e-07	9.97123700198	0.0
8.55e-07	9.97403724916	0.0
8.5525e-07	9.74212580544	0.0
8.555e-07	10.5952349516	0.0
8.5575e-07	9.8241876013	0.0
8.56e-07	10.5748892845	0.0
8.5625e-07	9.55644538134	0.0
8.565e-07	9.54867328937	0.0
8.5675e-07	10.3411877712	0.0
8.57e-07	10.3270717518	0.0
8.5725e-07	10.0703653032	0.0
8.575e-07	9.57552314462	0.0
8.5775e-07	9.92701095886	0.0
8.58e-07	9.79450720181	0.0
8.5825e-07	10.0843065917	0.0
8.585e-07	10.170492357	0.0
8.5875e-07	9.85894836079	0.0
8.59e-07	9.2521627067	0.0
8.5925e-07	9.93360472026	0.0
8.595e-07	9.48940006003	0.0
8.5975e-07	9.69589610832	0.0
8.6e-07	9.23630158929	0.0
8.6025e-07	9.02697887869	0.0
8.605e-07	9.43321212723	0.0
8.6075e-07	9.21471614405	0.0
8.61e-07	9.4721323935	0.0
8.6125e-07	8.96962536284	0.0
8.615e-07	9.42105344197	0.0
8.6175e-07	8.88656824994	0.0
8.62e-07	9.22574920834	0.0
8.6225e-07	8.80848128177	0.0
8.625e-07	8.87560821059	0.0
8.6275e-07	9.31698551586	0.0
8.63e-07	9.41014073917	0.0
8.6325e-07	8.91468740562	0.0
8.635e-07	8.9401895567	0.0
8.6375e-07	8.69783273523	0.0
8.64e-07	9.10610979086	0.0
8.6425e-07	8.78392384312	0.0
8.645e-07	9.27700584564	0.0
8.6475e-07	9.35978405378	0.0
8.65e-07	8.63411915892	0.0
8.6525e-07	8.42059340019	0.0
8.655e-07	9.1823731996	0.0
8.6575e-07	9.23765845468	0.0
8.66e-07	9.24698377342	0.0
8.6625e-07	8.67290943323	0.0
8.665e-07	8.40826032272	0.0
8.6675e-07	8.58323018216	0.0
8.67e-07	9.06964060766	0.0
8.6725e-07	8.46282167611	0.0
8.675e-07	9.09169042067	0.0
8.6775e-07	8.43970577481	0.0
8.68e-07	8.82763663986	0.0
8.6825e-07	8.90481571146	0.0
8.685e-07	8.88047949953	0.0
8.6875e-07	8.93491920092	0.0
8.69e-07	8.70964341841	0.0
8.6925e-07	8.46529853626	0.0
8.695e-07	8.05705562965	0.0
8.6975e-07	7.97596018675	0.0
8.7e-07	7.95204686871	0.0
8.7025e-07	8.36645058476	0.0
8.705e-07	8.09856609081	0.0
8.7075e-07	8.73695875205	0.0
8.71e-07	7.7767491799	0.0
8.7125e-07	8.1948315526	0.0
8.715e-07	8.46462045355	0.0
8.7175e-07	7.95076044805	0.0
8.72e-07	7.79319177655	0.0
8.7225e-07	7.96251980299	0.0
8.725e-07	8.35044038898	0.0
8.7275e-07	8.40321379602	0.0
8.73e-07	8.34522665466	0.0
8.7325e-07	7.79969852759	0.0
8.735e-07	7.52355997758	0.0
8.7375e-07	8.02386565349	0.0
8.74e-07	8.17219265111	0.0
8.7425e-07	7.523701793	0.0
8.745e-07	7.65382118237	0.0
8.7475e-07	8.03482134421	0.0
8.75e-07	8.32353568894	0.0
8.7525e-07	7.61028855613	0.0
8.755e-07	7.4888822279	0.0
8.7575e-07	7.67431803317	0.0
8.76e-07	7.67226027579	0.0
8.7625e-07	7.52093607741	0.0
8.765e-07	7.38255176363	0.0
8.7675e-07	7.68710354723	0.0
8.77e-07	7.22976295431	0.0
8.7725e-07	7.33679365743	0.0
8.775e-07	7.24258092557	0.0
8.7775e-07	7.91231334688	0.0
8.78e-07	7.97417688451	0.0
8.7825e-07	7.07557292741	0.0
8.785e-07	7.25934588935	0.0
8.7875e-07	7.40026970869	0.0
8.79e-07	7.83242763278	0.0
8.7925e-07	7.31951472688	0.0
8.795e-07	7.71516874038	0.0
8.7975e-07	7.68019652048	0.0
8.8e-07	7.29690454155	0.0
8.8025e-07	7.65967855664	0.0
8.805e-07	7.86613910973	0.0
8.8075e-07	6.89802532086	0.0
8.81e-07	7.830474209	0.0
8.8125e-07	7.31139785269	0.0
8.815e-07	7.5948671742	0.0
8.8175e-07	7.1872846306	0.0
8.82e-07	7.68637249659	0.0
8.8225e-07	7.64094673082	0.0
8.825e-07	7.03487161416	0.0
8.8275e-07	7.00210483389	0.0
8.83e-07	7.34115601703	0.0
8.8325e-07	6.76559703283	0.0
8.835e-07	6.74922517415	0.0
8.8375e-07	6.6982139647	0.0
8.84e-07	7.0801790883	0.0
8.8425e-07	7.3624991691	0.0
8.845e-07	7.26692409488	0.0
8.8475e-07	7.0981123681	0.0
8.85e-07	7.49003847933	0.0
8.8525e-07	6.77444930376	0.0
8.855e-07	6.54845082512	0.0
8.8575e-07	6.93757004976	0.0
8.86e-07	6.6667562129	0.0
8.8625e-07	6.90145493564	0.0
8.865e-07	6.46078601415	0.0
8.8675e-07	6.92858622272	0.0
